geographyhospital,CDC Facility Number,zipcode,County
CO_NCR-Avista Parent,8155,80027,Boulder
CO_NCR-Boulder Community Hospital,8156,80304,Boulder
CO_NCR-Castle Rock Parent,8157,80109,Douglas
CO_NCR-Denver Health And Hospital Authority,8158,80204,Denver
CO_NCR-Good Samaritan Medical Center,8159,80026,Boulder
CO_NCR-Littleton Parent,8160,80122,Arapahoe
CO_NCR-Longmont United Parent,8161,80501,Boulder
CO_NCR-Lutheran Medical Center,8162,80033,Jefferson
CO_NCR-North Suburban Medical Center,8163,80229,Adams
CO_NCR-Parker Parent,8164,80138,Douglas
CO_NCR-Platte Valley Medical Center,8165,80601,Adams
CO_NCR-Porter Parent,8166,80210,Denver
CO_NCR-Presbyterian/St. Luke's Medical Center,8167,80218,Denver
CO_NCR-Rose Medical Center,8168,80220,Denver
CO_NCR-Saint Joseph Hospital,8169,80218,Denver
CO_NCR-SCL HEALTH SAINT JOSEPH ED NORTHGLENN,8170,80233,Arapahoe
CO_NCR-SCL HEALTH SAINT JOSEPH ED LITTLETON,8171,80123,Jefferson
CO_NCR-SCL HEALTH SAINT JOSEPH ED AURORA,8172,80016,Adams
CO_NCR-Sky Ridge Medical Center,8173,80124,Douglas
CO_NCR-SNHC Parent,8174,80031,Adams
CO_NCR-St Anthony Parent,8175,80228,Jefferson
CO_NCR-St. Anthony North Parent,8176,80031,Adams
CO_NCR-Swedish Medical Center,8177,80113,Arapahoe
CO_NCR-The Medical Center Of Aurora,8178,80012,Arapahoe
CO_NCR-UCHealth Emergency at Arvada Ralston Medical Center,8179,80002,Jefferson
CO_NCR-UCHealth Emergency at Commerce City Medical Center,8180,80022,Adams
CO_NCR-UCHealth Emergency at Green Valley Ranch Medical Center,8181,80249,Denver
CO_NCR-UCHealth Emergency at Littleton-Bowles Medical Center,8182,80127,Jefferson
CO_NCR-UCHealth Emergency at North Aurora Medical Center,8184,80017,Arapahoe
CO_NCR-UCHealth Emergency at Parker-Lincoln MedicalCenter,8185,80134,Dolores
CO_NCR-UCHealth Emergency at Woodglen Medical Center,8187,80241,Adams
CO_NCR-University Of Colorado Hospital,8188,80045,Adams
CO_NCR-Estes Park Health Park Hospital District,8189,80517,Larimer
CO_NCR-Mercy Regional Medical Center,8190,81301,La Plata
CO_NCR-Penrose Hospital,8191,80907,El Paso
CO_NCR-St Francis Medical Center,8192,80923,El Paso
CO_NCR-UCHealth Emergency Room - Fountain,8193,80817,El Paso
CO_NCR-UCHealth Emergency Room - Meadowgrass,8194,80921,El Paso
CO_NCR-UCHealth Emergency Room - Powers,8195,80922,El Paso
CO_NCR-UCHealth Emergency Room - Woodmen,8196,80920,El Paso
CO_NCR-UCHealth Grandview Hospital,8197,80918,El Paso
CO_NCR-UCHealth Highliands Ranch Hospital,8198,80129,Douglas
CO_NCR-UCHealth Longs Peak Hospital,8199,80504,Boulder
CO_NCR-UCHealth Medical Center of the Rockies,8200,80538,Larimer
CO_NCR-UCHealth Memorial Hospital Central,8201,80909,El Paso
CO_NCR-UCHealth Memorial North Hospital,8202,80920,El Paso
CO_NCR-UCHealth Poudre Valley Hospital,8203,80524,Larimer
CO_NCR-Boulder Community Medical Center,8204,80026,Boulder
CO_NCR-Children's Hospital Colorado - Anschutz Medical Campus,8205,80045,Adams
CO_NCR-Children's Hospital Colorado - Colorado Springs,8206,80920,El Paso
CO_NCR-Children's Hospital Colorado - North Campus,8207,80023,Broomfield
CO_NCR-Children's Hospital Colorado - South Campus,8208,80129,Douglas
CO_NCR-Emergency and Urgent Care Arvada,8209,80007,Jefferson
CO_NCR-Southmoor EUC (Emergency Urgent Care),8210,80224,Denver
CO_NCR-Southlands ER,8211,80016,Arapahoe
CO_NCR-St Mary Corwin Medical Center,8212,81004,Pueblo
CO_NCR-St. Mary's Medical Center,8213,81501,Mesa
CO_NCR-UcHealth Harmony Emergency,8214,80528,Larimer
CO_NCR-Emergency and Urgent Care Golden,8215,80401,Jefferson
CO_NCR-Emergency and Urgent Care Lakewood,8216,80227,Jefferson
CO_NCR-Meridian EUC (Emergency Urgent Care),8217,80134,Douglas
CO_NCR-UCHealth Broomfield Hospital,8218,80021,Broomfield
CO_NCR-West Littleton Emergency Room,8219,80123,Jefferson
